{
  "version": 1,
  "author": "Anonymous maker",
  "editor": "wokwi",
  "parts": [
    { "type": "wokwi-breadboard-mini", "id": "bb1", "top": 27.4, "left": 16.8, "attrs": {} },
    {
      "type": "wokwi-breadboard-mini",
      "id": "bb2",
      "top": 39.3,
      "left": -370.9,
      "rotate": 90,
      "attrs": {}
    },
    {
      "type": "board-esp32-s3-devkitc-1",
      "id": "esp",
      "top": -67.38,
      "left": -168.23,
      "attrs": {}
    },
    {
      "type": "board-ssd1306",
      "id": "oled1",
      "top": 137.54,
      "left": -9.37,
      "attrs": { "i2cAddress": "0x3c" }
    },
    {
      "type": "wokwi-mpu6050",
      "id": "imu1",
      "top": -16.82,
      "left": 59.68,
      "rotate": 180,
      "attrs": {}
    },
    {
      "type": "wokwi-pushbutton",
      "id": "btn1",
      "top": 25.4,
      "left": -316.8,
      "attrs": { "color": "green", "xray": "1" }
    },
    {
      "type": "wokwi-pushbutton",
      "id": "btn2",
      "top": 73.4,
      "left": -316.8,
      "attrs": { "color": "green", "xray": "1" }
    },
    {
      "type": "wokwi-pushbutton",
      "id": "btn3",
      "top": 121.4,
      "left": -316.8,
      "attrs": { "color": "green", "xray": "1" }
    }
  ],
  "connections": [
    [ "esp:TX", "$serialMonitor:RX", "", [] ],
    [ "esp:RX", "$serialMonitor:TX", "", [] ],
    [ "bb1:1b.f", "bb1:1t.e", "black", [ "v0" ] ],
    [ "bb1:2b.f", "bb1:2t.e", "red", [ "v0" ] ],
    [ "bb1:3b.f", "bb1:3t.e", "gold", [ "v0" ] ],
    [ "bb1:4b.f", "bb1:4t.e", "blue", [ "v0" ] ],
    [ "bb1:1t.a", "esp:GND.2", "black", [ "v-76.8" ] ],
    [ "imu1:VCC", "bb1:2t.b", "red", [ "v0" ] ],
    [ "imu1:GND", "bb1:1t.c", "black", [ "v0" ] ],
    [ "esp:3V3.1", "bb1:2t.a", "red", [ "v-38.4", "h19.15" ] ],
    [ "imu1:SCL", "bb1:3b.g", "gold", [ "v0" ] ],
    [ "imu1:SDA", "bb1:4b.h", "blue", [ "v0" ] ],
    [ "esp:8", "bb1:4b.i", "blue", [ "h-28.85", "v163.2", "h172.8", "v-96" ] ],
    [ "esp:9", "bb1:3b.h", "gold", [ "h-19.25", "v124.8", "h153.6", "v-96" ] ],
    [ "oled1:GND", "bb1:1b.j", "", [ "$bb" ] ],
    [ "oled1:VCC", "bb1:2b.j", "", [ "$bb" ] ],
    [ "oled1:SCL", "bb1:3b.j", "", [ "$bb" ] ],
    [ "oled1:SDA", "bb1:4b.j", "", [ "$bb" ] ],
    [ "esp:16", "bb2:2t.b", "orange", [ "h0" ] ],
    [ "btn2:1.l", "bb2:7b.h", "", [ "$bb" ] ],
    [ "btn2:2.l", "bb2:9b.h", "", [ "$bb" ] ],
    [ "btn2:1.r", "bb2:7t.c", "", [ "$bb" ] ],
    [ "btn2:2.r", "bb2:9t.c", "", [ "$bb" ] ],
    [ "btn3:1.l", "bb2:12b.h", "", [ "$bb" ] ],
    [ "btn3:2.l", "bb2:14b.h", "", [ "$bb" ] ],
    [ "btn3:1.r", "bb2:12t.c", "", [ "$bb" ] ],
    [ "btn3:2.r", "bb2:14t.c", "", [ "$bb" ] ],
    [ "esp:17", "bb2:7t.b", "orange", [ "h-48.05", "v38.4" ] ],
    [ "esp:18", "bb2:12t.b", "orange", [ "h-38.45", "v76.8" ] ],
    [ "bb2:14b.i", "bb2:9b.j", "green", [ "h0" ] ],
    [ "bb2:4b.i", "esp:3V3.2", "green", [ "v-48", "h163.25" ] ],
    [ "btn1:1.l", "bb2:2b.h", "", [ "$bb" ] ],
    [ "btn1:2.l", "bb2:4b.h", "", [ "$bb" ] ],
    [ "btn1:1.r", "bb2:2t.c", "", [ "$bb" ] ],
    [ "btn1:2.r", "bb2:4t.c", "", [ "$bb" ] ],
    [ "bb2:4b.j", "bb2:9b.i", "green", [ "h0" ] ],
    [ "imu1:INT", "bb1:12t.a", "", [ "$bb" ] ],
    [ "imu1:AD0", "bb1:11t.a", "", [ "$bb" ] ],
    [ "imu1:XCL", "bb1:10t.a", "", [ "$bb" ] ],
    [ "imu1:XDA", "bb1:9t.a", "", [ "$bb" ] ],
    [ "imu1:SDA", "bb1:8t.a", "", [ "$bb" ] ],
    [ "imu1:SCL", "bb1:7t.a", "", [ "$bb" ] ],
    [ "imu1:GND", "bb1:6t.a", "", [ "$bb" ] ],
    [ "imu1:VCC", "bb1:5t.a", "", [ "$bb" ] ]
  ],
  "dependencies": {}
}